model,score_train,score_test,n_nodes,n_layers,dropout,lr,score_val,model_params,batch_size,discrete
DeepSurv,0.7161845061513897,0.690567049266384,32.0,3.0,0.3,0.01,0.6938529488663953,,,
DeepHit,0.7143295939179619,0.6878763919517622,32.0,4.0,0.1,0.01,0.6982362069464864,"{'alpha': 0.2, 'sigma': 0.1}",16.0,True
cox_ph,0.6364941846792452,0.6316458099637495,,,,,,,,
gboost,0.601353986872795,0.6005620254777388,,,,,,,,
svm,0.6412222474597903,0.6366855205598208,,,,,,,,
